index,Gender,Age,HeadCircumference,ShoulderWidth,ChestWidth ,Belly ,Waist ,Hips ,ArmLength ,ShoulderToWaist ,WaistToKnee ,LegLength,TotalHeight
0,1.0,30,22,18,20,18,14,22,22,25,25,22,52
1,1.0,28,19,22,17,18,21,25,28,23,25,20,56
2,2.0,27,21,18,16,14,10,15,21,18,14,18,53
3,1.0,29,20,20,18,11,19,14,24,21,20,21,45
4,2.0,28,16,14,18,13,11,30,25,22,32,13,47
5,2.0,22,17,19,18,14,16,18,20,24,21,19,60
6,2.0,18,25,17,16,17,12,28,23,25,14,18,49
7,2.0,26,18,15,19,17,23,27,19,19,19,19,58
8,1.0,23,16,16,20,18,22,18,15,26,20,19,40
9,1.0,31,15,20,28,18,91,17,16,21,21,19,55
10,1.0,29,16,28,17,15,21,30,17,25,18,17,50
11,1.0,35,23,21,18,12,18,27,18,17,19,20,49
12,2.0,29,21,19,17,17,20,21,20,20,18,22,59
13,1.0,30,19,17,18,18,24,28,23,22,17,24,47
14,2.0,20,24,21,17,16,18,19,19,27,17,19,51
15,2.0,27,19,15,20,11,20,18,19,28,17,18,57
16,2.0,24,16,20,16,9,25,22,19,19,25,15,60
17,1.0,30,21,18,21,12,19,21,15,20,21,20,59
18,1.0,35,20,16,28,18,17,23,16,27,23,9,48
19,1.0,29,18,15,18,15,18,24,20,25,17,13,42
20,1.0,35,25,18,18,15,19,19,23,19,18,21,49
21,2.0,29,80,19,16,17,20,20,24,22,19,20,44
22,2.0,27,21,21,16,18,22,30,15,20,25,9,45
23,1.0,26,16,22,17,14,24,19,22,18,21,13,54
24,2.0,24,15,19,17,15,16,20,18,26,21,21,57
25,1.0,20,16,16,18,17,15,21,19,19,21,20,60
26,1.0,30,20,17,17,19,18,23,15,17,21,18,57
27,1.0,35,17,18,18,10,17,24,20,28,20,21,58
28,1.0,31,19,15,20,14,22,21,25,27,23,19,45
29,1.0,20,28,14,20,18,19,30,24,25,20,20,51
30,1.0,24,29,20,18,17,18,35,20,20,16,30,31
31,2.0,27,17,22,16,12,18,30,17,27,11,31,30
32,1.0,29,19,20,20,14,18,21,20,28,12,21,33
33,1.0,27,24,19,16,15,19,21,17,24,12,28,60
34,2.0,18,15,21,16,15,20,21,18,17,12,39,45
35,2.0,19,14,22,18,17,13,20,19,18,13,27,47
36,2.0,20,19,19,18,18,11,23,20,19,14,28,48
37,2.0,24,17,21,19,18,11,24,19,20,18,22,40
38,1.0,22,18,16,16,19,12,28,19,21,18,21,48
39,1.0,24,20,17,17,19,13,20,19,16,17,20,48
40,2.0,25,22,17,17,12,13,28,18,19,17,27,60
41,1.0,21,23,17,17,12,18,20,20,18,18,17,55
42,1.0,25,22,17,22,10,18,21,23,17,16,18,51
43,1.0,22,20,18,22,11,14,23,22,17,18,19,52
44,2.0,21,19,20,20,11,14,19,20,17,18,30,53
45,2.0,19,19,20,21,13,14,18,21,18,17,20,59
46,2.0,17,19,21,20,13,13,19,20,18,18,28,50
47,1.0,18,27,16,16,14,15,18,19,19,20,27,50
48,1.0,25,26,16,14,19,16,19,19,20,21,21,39
49,2.0,30,26,14,15,18,17,20,18,20,17,21,57
50,2.0,29,19,19,10,16,20,19,21,17,18,22,44
51,2.0,28,20,18,16,18,21,30,21,17,18,23,47
52,1.0,30,22,15,16,16,21,19,18,18,17,23,57
53,1.0,25,19,21,16,19,23,18,19,26,19,14,58
54,1.0,30,18,20,17,14,20,17,19,27,16,18,59
55,2.0,18,17,21,18,16,20,17,20,26,17,17,51
56,2.0,19,17,18,20,19,15,17,20,17,14,19,59
57,1.0,28,20,20,18,19,11,18,17,15,11,20,52
58,2.0,17,21,19,14,13,15,16,17,21,22,38,60
59,1.0,6,17,9,8,8,10,10,11,8,17,19,25
60,1.0,8,19,15,13,9,15,15,21,24,17,31,50
61,1.0,24,21,17,11,8,20,9,25,21,18,37,60
62,2.0,54,26,18,13,11,23,16,23,27,22,46,72
63,1.0,16,16,13,17,13,19,16,17,18,18,37,34
64,2.0,24,24,21,15,12,16,17,24,21,19,34,38
65,1.0,15,19,15,7,8,13,15,17,20,21,37,51
66,1.0,4,18,13,15,12,15,15,16,19,13,26,43
67,1.0,21,22,16,16,8,9,11,14,20,21,30,50
68,1.0,38,20,17,21,14,13,16,22,27,21,41,47
69,1.0,49,23,16,14,11,14,14,20,22,23,33,52
70,2.0,22,24,18,21,19,21,23,23,27,21,28,59
71,1.0,3,15,7,7,6,7,10,10,11,8,17,23
72,1.0,12,19,16,15,13,20,16,24,39,21,42,62
73,2.0,18,22,18,18,15,17,20,21,26,22,19,38
74,1.0,37,25,19,17,22,17,22,19,27,20,27,47
75,1.0,21,17,14,17,15,19,16,22,25,21,41,50
76,1.0,16,23,15,13,10,13,13,20,22,16,30,56
77,1.0,19,20,18,11,9,20,14,21,9,19,41,55
78,2.0,32,16,7,8,8,7,8,10,24,8,18,24
79,2.0,3,21,19,10,10,22,10,23,24,19,37,60
80,1.0,42,24,15,13,9,10,16,21,10,20,36,61
81,1.0,2,15,7,11,8,7,15,7,22,7,16,24
82,1.0,50,20,18,7,8,10,23,19,20,24,34,38
83,1.0,37,21,19,12,16,18,14,26,23,26,29,37
84,1.0,20,24,13,18,21,21,24,25,19,19,49,75
85,2.0,7,17,11,15,12,13,16,15,22,13,26,40
86,1.0,17,19,10,15,13,15,17,21,22,19,33,47
87,1.0,24,20,18,12,11,22,13,22,25,20,40,57
88,1.0,3,16,8,7,7,8,9,9,10,9,18,23
89,1.0,34,20,18,10,9,21,10,24,22,19,38,59
90,2.0,24,22,16,12,10,11,14,23,25,19,38,60
91,1.0,21,18,14,9,9,10,11,20,23,15,30,53
92,1.0,6,20,18,12,11,13,11,22,25,20,40,61
93,1.0,31,16,14,12,10,13,19,15,20,11,22,33
94,1.0,4,20,16,12,10,14,14,20,25,18,32,51
95,1.0,7,26,19,14,12,23,16,24,28,23,46,73
96,1.0,54,20,17,14,13,14,15,22,26,21,42,62
97,1.0,19,20,16,8,9,14,16,18,21,22,38,52
98,2.0,15,23,16,14,11,14,14,21,23,17,33,56
99,1.0,24,22,17,12,13,22,12,23,27,20,46,62
100,1.0,32,20,17,18,9,16,8,23,13,20,30,40
101,1.0,16,16,8,12,8,7,10,11,11,8,17,23
102,2.0,2,20,19,13,12,16,17,7,27,19,39,43
103,1.0,28,22,19,20,18,20,23,24,27,19,39,38
104,1.0,22,20,13,10,8,10,12,23,19,20,34,75
105,1.0,8,23,20,16,15,14,16,13,27,23,45,53
106,1.0,36,23,16,11,10,14,14,25,25,20,39,53
107,2.0,21,23,16,21,14,20,17,22,22,21,30,43
108,1.0,32,17,14,18,14,20,17,20,19,19,39,34
109,1.0,16,21,18,18,14,18,19,18,26,22,40,46
110,1.0,17,19,12,17,13,16,18,23,23,20,38,42
111,1.0,18,23,20,14,13,17,16,20,28,20,40,48
112,1.0,24,22,17,22,13,22,19,23,20,20,27,47
113,1.0,32,25,19,23,18,23,20,22,23,23,29,56
114,1.0,42,24,18,21,20,22,24,26,28,18,38,59
115,1.0,4,18,12,14,13,14,15,16,18,14,25,42
116,2.0,19,19,18,15,213,14,17,16,20,23,36,60
117,1.0,20,18,19,16,12,15,16,15,18,25,38,59
118,1.0,21,16,22,20,23,14,19,16,17,26,29,62
119,1.0,17,17,17,21,15,13,11,14,18,27,34,41
120,1.0,16,22,16,10,17,10,13,22,17,21,34,57
121,2.0,24,21,14,9,10,17,20,16,18,20,37,49
122,2.0,18,17,19,8,11,14,19,14,20,21,30,63
123,1.0,37,19,20,13,18,18,18,16,21,19,23,49
124,2.0,50,16,23,18,12,50,14,22,12,18,29,44
125,2.0,42,14,10,12,9,49,17,20,25,17,13,54
126,1.0,40,12,14,11,18,36,17,21,23,16,27,64
127,1.0,35,15,19,16,10,26,16,19,24,22,28,69
128,1.0,29,13,18,17,23,19,13,20,21,19,30,67
129,1.0,55,18,17,15,24,60,14,14,20,23,29,57
130,2.0,25,22,14,11,14,10,19,15,19,21,31,68
131,2.0,33,25,16,12,13,20,13,21,17,20,29,69
132,1.0,39,16,15,14,14,21,19,15,17,22,24,48
133,1.0,17,23,20,10,9,18,20,16,16,19,20,58
134,1.0,22,15,19,11,16,19,21,12,18,18,21,60
135,1.0,25,13,22,14,12,20,22,21,19,19,22,57
136,1.0,32,11,11,19,14,21,21,15,21,22,30,48
137,2.0,39,24,10,11,18,21,19,20,23,20,29,49
138,1.0,49,16,10,16,20,10,14,16,21,21,25,54
139,2.0,26,13,14,13,11,17,17,19,20,30,30,47
140,2.0,44,10,16,10,19,31,16,20,19,20,29,66
141,1.0,25,9,17,7,10,29,14,17,18,18,19,49
142,1.0,15,14,18,9,9,12,15,19,20,21,20,54
143,2.0,50,21,19,10,20,52,36,40,36,30,29,47
144,2.0,42,21,12,11,19,40,44,41,33,29,30,40
145,1.0,20,22,18,17,15,14,15,24,22,21,21,55
146,1.0,31,18,19,20,15,21,22,22,19,20,13,52
147,1.0,19,17,14,16,9,9,14,23,25,13,20,32
148,2.0,24,19,20,21,10,10,30,18,15,19,9,35
149,2.0,27,23,16,17,12,11,18,15,21,20,15,56
150,2.0,29,25,18,19,14,12,19,19,22,25,20,50
151,2.0,30,20,20,18,16,16,20,25,23,15,18,45
152,1.0,31,16,18,18,18,23,18,23,22,20,18,45
153,2.0,28,16,19,16,12,24,17,24,24,14,19,51
154,1.0,23,18,17,18,11,19,14,20,26,21,24,48
155,2.0,29,15,20,19,16,21,18,19,20,22,22,43
156,1.0,35,17,18,20,15,18,19,21,21,14,23,52
157,1.0,18,25,18,21,17,20,20,23,25,23,26,39
158,1.0,20,23,22,20,12,21,21,24,22,22,27,45
159,1.0,35,19,18,18,19,18,22,17,19,20,21,48
160,1.0,32,18,16,20,16,20,18,22,20,19,19,31
161,1.0,31,20,21,18,17,21,19,18,18,18,19,60
162,2.0,20,21,18,19,14,18,17,19,17,17,19,50
163,2.0,19,24,21,20,10,18,20,20,14,24,16,49
164,1.0,18,19,18,16,19,19,21,23,23,22,20,33
165,2.0,24,20,21,18,15,29,22,24,28,21,22,39
166,2.0,22,20,19,19,14,22,20,23,27,20,21,47
167,1.0,21,24,20,18,13,14,18,21,19,20,20,53
168,2.0,26,17,16,18,10,17,17,17,20,18,19,41
169,1.0,18,18,15,17,11,16,15,20,21,16,21,52
170,1.0,27,19,16,17,13,19,14,25,25,19,20,48
171,1.0,29,21,20,18,12,20,20,19,20,20,19,51
172,1.0,30,21,18,18,12,19,19,20,22,21,18,40
173,1.0,20,20,21,20,17,20,18,24,19,22,21,55
174,1.0,5,18,13,14,13,13,12,12,16,9,19,30
175,2.0,25,22,17,20,16,20,20,20,20,19,30,50
176,2.0,3,19,10,14,15,8,7,7,12,6,16,20
177,2.0,7,21,14,15,21,14,12,12,16,11,25,30
178,1.0,50,24,21,19,13,27,30,20,21,19,30,50
179,1.0,16,19,16,16,21,15,16,20,20,20,40,52
180,1.0,5,22,12,11,14,6,8,11,11,18,16,31
181,1.0,20,17,18,16,11,20,20,20,21,16,32,52
182,1.0,4,21,10,12,16,8,7,66,7,8,17,21
183,1.0,23,22,15,9,8,20,10,66,20,15,31,51
184,1.0,17,18,16,8,7,7,11,21,21,16,32,52
185,1.0,13,16,16,7,9,10,14,22,20,17,31,40
186,2.0,18,19,17,10,6,9,11,19,22,12,27,46
187,2.0,2,21,6,6,7,11,7,16,7,8,17,21
188,2.0,3,23,11,8,5,9,7,7,11,7,17,30
189,2.0,7,21,13,10,6,7,12,8,21,10,25,36
190,2.0,14,22,16,7,9,9,10,20,20,10,30,43
191,1.0,20,19,17,7,11,10,10,21,18,16,36,46
192,1.0,31,24,17,10,9,11,10,22,18,20,40,46
193,1.0,12,21,16,9,6,11,10,17,23,17,32,56
194,1.0,6,22,10,8,9,10,10,21,21,13,23,41
195,1.0,3,18,19,10,10,6,12,21,20,12,30,35
196,1.0,27,25,20,11,11,10,14,20,21,19,34,40
197,1.0,26,23,17,12,12,11,12,20,16,17,30,52
198,1.0,36,21,15,13,11,7,13,21,17,20,42,42
199,1.0,31,21,16,11,10,6,11,22,20,19,39,70
200,1.0,25,23,18,13,11,10,14,20,20,14,30,56
201,1.0,4,19,13,16,15,14,15,14,19,10,21,32
202,1.0,27,21,18,21,19,21,22,24,22,20,40,57
203,1.0,2,18,9,10,9,9,10,9,15,9,18,23
204,1.0,9,20,15,15,16,15,16,16,19,13,26,35
205,1.0,60,23,22,20,23,30,34,24,25,20,40,55
206,2.0,18,24,17,18,15,16,18,22,22,21,42,57
207,2.0,4,18,14,12,10,9,10,12,12,9,18,32
208,1.0,22,27,17,20,18,21,22,23,22,19,39,55
209,2.0,2,18,9,13,9,9,10,8,10,9,18,23
210,1.0,24,20,10,10,9,21,11,23,21,19,38,53
211,1.0,19,21,17,9,10,9,12,24,22,20,40,56
212,1.0,15,19,17,8,8,11,15,20,20,20,40,50
213,2.0,19,21,18,11,9,10,13,20,23,15,30,48
214,2.0,3,17,8,7,7,10,9,9,10,9,18,23
215,1.0,4,19,12,9,8,11,9,10,12,10,20,32
216,1.0,8,20,12,11,9,8,13,19,21,15,30,40
217,1.0,16,22,17,9,9,10,12,21,23,18,32,47
218,1.0,21,24,18,10,10,13,13,22,24,19,38,50
219,1.0,32,23,18,11,12,12,12,24,26,21,42,60
220,1.0,14,20,17,10,10,11,12,21,24,19,38,43
221,1.0,7,20,16,10,8,12,12,18,20,14,28,38
222,1.0,4,18,10,11,10,10,10,20,21,16,32,41
223,1.0,29,22,18,12,11,12,15,23,26,21,42,54
224,1.0,28,20,18,14,12,10,16,23,25,20,40,46
225,1.0,35,22,19,15,14,14,15,24,26,22,44,72
226,1.0,30,22,18,12,13,15,15,23,25,21,42,64
227,2.0,24,24,17,15,12,13,15,22,24,16,32,57
228,1.0,30,23,18,12,29,32,16,22,20,21,20,64
229,2.0,3,18,11,10,22,37,23,13,10,10,17,22
230,1.0,20,22,18,16,30,37,28,25,19,22,40,46
231,1.0,34,23,20,17,34,41,24,25,18,22,40,59
232,1.0,35,24,21,18,37,28,24,23,17,23,39,57
233,1.0,12,20,14,12,27,33,27,18,14,14,29,57
234,1.0,30,23,18,15,29,26,20,23,22,22,41,64
235,1.0,15,20,14,11,23,23,15,19,17,14,30,50
236,1.0,18,19,18,15,28,34,28,25,24,23,39,80
237,1.0,17,21,16,13,28,25,28,22,20,18,36,79
238,1.0,10,21,14,9,25,42,26,17,17,18,26,71
239,1.0,25,27,20,17,37,42,28,23,20,17,37,60
240,1.0,32,25,19,16,37,36,8,23,23,20,38,24
241,1.0,34,22,19,17,32,38,24,24,25,19,36,59
242,1.0,37,24,20,18,36,38,37,23,20,23,39,68
243,2.0,1,11,6,16,13,13,14,9,9,9,13,21
244,1.0,1,12,5,17,12,13,15,9,9,7,13,20
245,2.0,3,11,6,15,13,12,14,9,10,8,13,22
246,1.0,4,13,5,18,14,14,17,10,9,8,14,23
247,1.0,3,18,8,20,20,22,20,8,12,8,15,24
248,2.0,2,11,87,15,13,12,14,9,9,6,13,19
249,2.0,1,12,7,16,13,12,15,10,10,8,12,20
250,1.0,4,22,11,22,20,21,22,7,14,13,24,27
251,2.0,3,20,10,20,20,21,22,8,14,13,23,24
252,2.0,4,22,11,21,20,23,24,10,10,13,22,25
253,1.0,5,22,15,20,19,18,20,19,22,12,16,45
254,2.0,6,20,14,19,17,16,18,18,20,12,26,43
255,2.0,7,21,15,19,17,16,18,18,21,12,37,45
256,1.0,8,20,13,26,23,26,27,10,19,19,31,52
257,2.0,9,23,15,26,21,20,22,13,19,18,32,55
258,1.0,10,24,16,27,24,23,24,17,19,20,33,50
259,2.0,11,25,16,27,28,25,28,21,22,45,49,59
260,2.0,12,26,14,28,24,25,27,22,23,26,40,60
261,1.0,13,28,19,27,23,24,27,21,23,26,40,62
262,2.0,19,29,19,31,28,28,28,30,26,30,46,68
263,1.0,20,26,17,28,21,26,28,27,26,29,40,67
264,1.0,21,28,18,28,23,25,27,21,27,29,43,69
265,2.0,22,20,28,19,28,22,26,28,27,26,40,68
266,2.0,23,20,18,28,23,25,26,25,28,28,41,69
267,1.0,24,28,18,28,23,24,26,28,27,27,42,72
268,2.0,25,26,20,37,28,26,27,28,28,27,42,74
269,1.0,26,26,20,38,27,28,27,27,26,25,40,85
270,1.0,27,28,20,31,30,32,38,30,28,27,41,86
271,2.0,20,29,20,32,28,32,32,28,29,29,42,89
272,1.0,1,11,6,15,13,12,14,9,9,6,13,19
273,2.0,1,11,5,16,13,13,15,9,9,6,13,20
274,1.0,4,20,9,22,21,21,20,7,14,13,22,38
275,2.0,4,22,11,23,22,24,24,8,17,15,26,44
276,1.0,1,19,9,21,20,22,20,6,13,9,16,31
277,1.0,3,18,9,22,21,22,20,7,13,9,16,20
278,1.0,3,18,8,20,20,22,20,8,12,8,15,24
279,2.0,1,12,7,16,13,12,14,10,10,9,13,25
280,2.0,3,20,10,20,21,23,21,11,10,9,17,19
281,2.0,4,22,11,22,20,21,22,7,14,13,23,27
282,1.0,5,20,14,18,17,16,18,18,20,12,26,43
283,2.0,6,22,15,19,18,19,15,20,20,13,28,51
284,2.0,7,24,16,19,20,20,22,20,21,14,29,56
285,1.0,8,24,15,20,22,21,20,21,22,16,30,61
286,1.0,9,24,16,22,20,23,22,22,22,17,30,61
287,2.0,10,22,13,26,23,27,26,20,16,19,31,71
288,1.0,11,24,16,28,24,24,25,23,28,21,38,72
289,2.0,12,25,15,17,25,24,26,22,26,20,37,71
290,2.0,13,25,16,27,25,24,28,24,26,20,38,73
291,1.0,15,26,17,28,24,24,25,23,25,21,39,78
292,1.0,17,28,18,29,28,27,28,25,27,24,40,79
293,2.0,17,26,18,29,28,28,29,26,30,25,40,79
294,1.0,18,26,19,28,28,27,28,29,29,27,41,80
295,2.0,18,28,19,28,28,27,28,29,29,27,41,82
296,1.0,20,29,19,28,26,28,28,29,28,28,40,82
297,2.0,20,28,19,29,27,27,28,27,26,28,41,87
298,1.0,21,26,17,38,27,28,27,27,26,25,40,85
299,2.0,21,25,18,32,28,31,31,28,27,26,41,86
300,1.0,21,26,20,31,30,32,26,29,28,29,42,89
301,1.0,1,11,6,15,13,12,14,9,9,6,13,20
302,2.0,1,11,5,16,13,13,15,9,9,7,13,21
303,1.0,1,12,5,17,12,13,15,10,9,8,13,22
304,1.0,1,13,5,17,13,14,16,10,9,8,14,23
305,2.0,1,14,5,18,14,14,17,10,9,8,15,24
306,2.0,5,20,14,19,17,16,18,18,20,12,26,43
307,1.0,5,21,15,20,18,16,18,18,21,12,27,44
308,1.0,5,22,15,20,19,18,20,19,22,12,26,45
309,1.0,10,22,12,25,22,26,24,7,15,4,32,51
310,2.0,10,22,12,25,23,27,26,8,16,14,32,52
311,2.0,10,20,13,26,23,26,27,10,19,19,31,52
312,1.0,9,21,14,26,21,23,29,11,18,18,32,53
313,1.0,11,23,15,26,21,20,22,13,19,19,32,54
314,2.0,11,24,16,27,24,23,24,17,19,20,33,55
315,1.0,11,24,16,28,27,26,28,19,20,21,34,56
316,1.0,12,26,17,28,26,25,27,20,21,22,36,57
317,1.0,12,26,16,27,28,25,28,21,22,24,28,59
318,2.0,12,26,18,28,28,25,27,21,22,25,39,59
319,1.0,13,28,18,27,22,25,27,21,23,26,40,62
320,1.0,14,26,18,28,23,25,27,21,23,26,40,63
321,2.0,19,26,18,30,25,26,29,28,26,28,41,65
322,1.0,17,27,18,30,26,26,29,29,26,28,41,56
323,1.0,19,28,26,31,28,28,29,30,26,29,42,68
324,2.0,18,29,19,32,28,27,29,31,26,30,42,67
325,1.0,19,29,20,31,26,26,29,30,27,30,42,69
326,1.0,19,28,18,28,23,25,27,21,26,29,40,68
327,2.0,20,26,17,28,21,26,28,27,26,29,40,69
328,1.0,20,28,18,28,22,25,26,25,27,28,21,68
329,1.0,22,26,20,27,28,26,28,27,28,28,42,72
330,1.0,2,18,9,8,19,18,20,9,10,8,14,31
331,2.0,2,19,9,9,20,19,21,20,11,9,16,35
332,1.0,3,11,8,11,19,12,11,16,10,9,18,32
333,2.0,4,18,8,10,7,16,10,20,12,10,20,35
334,2.0,4,20,10,10,20,20,20,13,13,11,22,38
335,1.0,4,19,10,10,20,20,20,13,13,10,11,38
336,2.0,4,20,11,11,22,22,22,16,12,12,22,39
337,1.0,4,20,11,10,20,20,21,18,10,12,19,37
338,1.0,4,20,11,11,22,22,22,16,12,12,22,39
339,1.0,5,20,10,9,22,23,24,14,15,11,22,42
340,1.0,6,21,9,9,20,20,20,14,11,9,17,37
341,2.0,6,21,10,6,19,20,19,12,19,9,17,38
342,2.0,6,20,9,10,22,21,20,12,18,12,18,39
343,1.0,8,18,18,9,19,12,9,14,11,13,21,42
344,2.0,11,19,13,11,20,22,11,18,14,9,32,50
345,1.0,12,21,11,9,20,22,10,17,19,19,32,50
346,2.0,15,22,17,15,37,38,42,19,22,18,35,59
347,1.0,18,20,19,17,44,42,46,28,19,26,37,66
348,1.0,14,22,14,16,34,20,38,24,19,19,35,64
349,2.0,20,21,18,19,34,37,39,22,17,15,33,59
350,1.0,29,23,21,19,42,38,44,28,22,18,37,66
351,1.0,37,22,17,14,33,33,37,25,24,23,41,68
352,2.0,49,24,19,17,46,48,63,20,24,15,34,60
353,2.0,52,22,16,17,41,14,45,19,16,17,33,60
354,2.0,23,22,18,16,45,47,62,19,21,17,33,62
355,1.0,40,22,18,14,45,45,46,25,27,22,39,70
356,1.0,51,23,19,15,37,36,39,24,22,20,36,65
357,1.0,65,22,18,16,36,39,41,24,31,25,39,68
358,1.0,62,24,21,20,47,45,44,23,30,23,38,67
359,1.0,65,22,18,16,36,39,41,24,31,25,39,68
360,1.0,46,22,21,18,45,43,45,22,32,23,36,64
361,1.0,65,23,17,16,40,39,40,25,30,24,37,64
362,1.0,44,25,19,17,42,44,44,24,26,27,40,69
363,1.0,40,22,18,14,45,45,46,25,27,22,39,70
364,1.0,68,21,18,17,36,37,37,23,23,19,36,64
365,1.0,44,23,19,17,43,44,45,24,31,24,36,67
366,1.0,37,22,17,15,33,33,37,25,24,23,41,68
367,1.0,51,23,19,15,37,36,39,24,22,20,36,65
368,1.0,39,22,17,16,35,36,37,25,22,23,36,67
369,1.0,51,22,18,19,32,35,39,22,27,24,38,68
370,1.0,29,23,21,17,42,38,44,28,22,18,37,66
371,1.0,18,20,19,16,44,42,46,28,19,20,38,64
372,2.0,18,21,15,15,35,38,40,22,18,19,34,60
373,2.0,16,22,18,20,31,32,32,21,18,19,35,61
374,2.0,18,23,19,23,32,37,40,23,19,22,37,59
375,2.0,24,23,16,17,40,41,45,21,22,21,37,65
376,2.0,52,22,16,9,41,41,45,19,16,17,33,60
377,2.0,1,19,9,16,20,18,21,19,11,9,16,35
378,1.0,14,22,18,17,37,20,38,24,17,19,35,64
379,2.0,49,24,19,15,46,48,63,20,22,15,34,60
380,2.0,15,22,17,10,37,38,42,19,21,18,35,59
381,1.0,8,21,11,9,23,24,26,16,17,12,26,49
382,1.0,5,20,10,8,22,23,24,14,15,11,22,42
383,1.0,1,18,9,16,19,18,20,9,10,7,13,31
384,2.0,28,22,18,16,45,47,62,19,21,17,33,62
385,2.0,21,22,18,19,43,45,59,19,20,16,33,60
386,2.0,20,21,18,19,34,37,39,22,17,15,33,59
387,1.0,10,20,14,12,24,25,12,19,14,14,30,52
388,1.0,7,19,11,9,13,22,9,15,13,13,20,45
389,1.0,7,20,12,10,22,22,11,16,14,12,26,47
390,1.0,6,21,9,9,20,20,10,14,11,9,17,37
391,1.0,7,20,12,9,11,23,9,14,17,23,20,41
392,1.0,12,21,11,9,10,22,10,17,19,29,22,50
393,1.0,10,21,12,9,10,22,12,15,18,24,25,44
394,1.0,7,21,11,8,11,22,11,13,11,9,21,46
395,1.0,6,20,12,9,10,23,10,12,17,12,22,45
396,1.0,7,21,13,11,10,21,10,13,17,12,22,45
397,1.0,9,20,11,10,23,24,11,18,13,13,28,50
398,1.0,6,20,9,9,20,20,10,14,11,9,17,37
399,1.0,6,20,10,9,20,20,10,14,11,9,17,36
400,1.0,6,21,10,6,20,21,10,13,12,9,18,37
401,2.0,6,21,9,10,19,20,9,12,19,9,17,38
402,2.0,6,20,9,10,22,21,10,12,18,12,18,39
403,2.0,6,19,4,9,20,20,11,13,12,9,19,37
404,2.0,6,20,5,10,20,20,10,14,11,9,17,36
405,2.0,6,20,14,12,21,22,11,13,12,9,16,37
406,2.0,9,20,13,13,24,25,12,19,14,14,30,50
407,2.0,7,21,9,9,20,22,12,20,13,9,31,51
408,2.0,6,20,9,9,20,20,10,14,11,9,17,37
409,2.0,9,20,11,13,21,20,9,13,12,9,18,37
410,2.0,10,22,14,12,24,24,13,18,14,14,35,50
411,2.0,12,19,14,11,23,21,11,19,13,14,31,51
412,2.0,11,19,13,12,20,22,11,18,14,9,32,50
413,2.0,10,20,13,11,21,20,10,19,13,9,35,55
414,2.0,6,19,14,11,20,22,10,19,18,9,30,36
415,1.0,10,19,19,11,21,13,10,15,12,14,22,43
416,1.0,11,19,19,10,11,12,12,17,19,15,25,43
417,1.0,13,20,20,13,22,12,11,19,22,18,29,47
418,1.0,12,20,19,13,21,12,11,19,21,18,29,46
419,1.0,14,21,20,15,22,13,13,21,23,19,30,48
420,1.0,14,21,19,14,21,12,11,20,21,18,31,49
421,1.0,15,22,19,13,20,11,10,19,20,17,17,46
422,1.0,10,19,19,11,21,13,11,16,12,14,22,43
423,2.0,10,19,18,12,22,12,12,15,12,14,21,43
424,1.0,8,18,18,9,19,12,9,14,11,13,21,42
425,1.0,9,19,19,10,20,13,10,15,12,14,22,43
426,2.0,6,22,9,10,18,21,22,14,11,23,24,39
427,1.0,10,20,14,11,24,25,27,20,18,16,28,28
428,1.0,8,19,13,11,21,22,24,17,15,19,21,43
429,2.0,7,20,13,10,20,25,24,16,23,18,21,41
430,2.0,8,20,13,10,22,23,24,18,19,17,25,44
431,2.0,8,19,13,9,29,23,25,18,16,17,24,44
432,1.0,9,20,13,11,24,24,25,18,15,17,26,47
433,1.0,8,21,13,11,23,26,25,18,16,17,26,46
434,1.0,8,18,11,9,20,12,24,17,15,16,23,44
435,2.0,10,20,14,10,26,26,28,18,16,16,28,48
436,2.0,8,22,12,9,20,23,23,18,13,17,23,44
437,2.0,10,24,13,10,25,27,26,20,16,15,26,47
438,2.0,8,21,11,10,22,23,26,17,15,15,27,48
439,2.0,13,22,14,14,24,27,28,23,22,19,33,54
440,2.0,11,20,13,11,22,23,23,27,23,16,17,52
441,2.0,13,22,14,14,24,27,28,23,22,19,32,54
442,2.0,11,21,13,12,23,25,26,17,17,19,29,51
443,1.0,4,19,10,10,20,20,20,13,13,10,22,38
444,1.0,11,21,14,12,22,24,25,18,17,28,28,45
445,2.0,12,21,15,12,24,26,28,18,17,15,28,44
446,2.0,4,20,10,10,20,20,20,13,13,10,22,38
447,1.0,11,20,13,11,22,23,23,27,22,16,17,52
448,2.0,8,20,14,12,24,26,11,17,16,16,26,48
449,1.0,15,22,14,14,27,28,23,22,19,23,13,54
450,1.0,8,22,9,10,18,21,22,14,11,23,24,39
451,2.0,10,24,13,10,25,27,26,20,16,15,26,47
452,2.0,10,20,14,11,21,23,11,17,19,15,25,46
453,2.0,7,20,13,10,20,25,24,16,23,18,21,44
454,1.0,11,20,12,13,24,25,27,24,16,18,31,43
455,2.0,9,20,10,13,22,10,12,23,15,13,26,45
456,1.0,6,19,9,11,20,11,13,18,12,12,22,41
457,1.0,6,21,10,12,22,9,12,19,13,12,23,43
458,1.0,7,16,10,11,20,10,14,20,11,13,25,43
459,2.0,7,19,10,13,21,11,11,16,13,13,23,43
460,1.0,9,20,10,12,19,9,11,19,13,13,25,45
461,2.0,8,20,10,13,19,10,14,19,11,12,25,42
462,1.0,10,20,12,17,23,11,14,23,14,15,29,51
463,1.0,9,21,10,12,21,12,13,21,13,14,26,46
464,2.0,9,20,11,12,20,10,14,21,11,14,28,48
465,1.0,12,20,12,12,21,12,13,24,13,15,28,49
466,1.0,9,20,10,13,21,12,13,20,12,13,24,44
467,1.0,7,21,11,13,22,12,11,21,12,12,24,44
468,1.0,8,20,10,12,19,10,11,18,13,12,24,43
469,1.0,5,20,9,12,19,10,12,18,12,19,20,39
470,1.0,5,19,9,11,20,11,10,17,12,11,22,39
471,2.0,12,18,8,10,17,6,9,12,9,10,20,35
472,2.0,8,20,9,11,21,11,14,20,12,13,24,44
473,1.0,10,20,12,17,23,11,17,23,14,15,29,42
474,1.0,5,19,8,11,20,11,15,12,1,22,24,45
475,2.0,10,20,11,15,21,12,13,22,13,15,28,48
476,2.0,12,20,10,14,21,12,25,22,14,14,27,47
477,2.0,13,20,11,16,21,14,14,22,14,15,30,52
478,2.0,12,19,10,14,21,11,14,17,13,14,27,46
479,2.0,9,21,11,12,21,12,11,22,13,14,26,46
480,2.0,6,19,10,12,20,10,10,21,12,11,22,38
481,1.0,3,19,8,11,19,7,13,18,10,9,18,32
482,2.0,13,20,12,14,23,13,15,16,13,16,30,51
483,2.0,13,20,14,15,24,12,15,25,13,17,31,51
484,2.0,18,20,14,13,24,26,11,17,16,16,26,48
485,1.0,11,20,14,13,23,23,13,17,19,17,26,33
486,1.0,9,20,13,11,21,22,11,17,16,15,25,46
487,2.0,10,24,12,13,23,24,24,22,19,17,30,49
488,2.0,10,20,14,11,21,23,11,17,22,15,25,46
489,2.0,13,22,14,14,24,27,28,23,18,19,33,54
490,1.0,10,24,12,13,23,24,24,22,23,17,30,49
491,2.0,7,20,13,10,20,25,24,16,17,18,21,44
492,2.0,11,21,13,12,23,25,26,17,16,19,29,51
493,2.0,18,20,14,13,24,26,11,17,16,16,26,48
494,2.0,9,13,13,11,21,22,11,17,13,15,25,46
495,2.0,4,20,10,10,20,20,20,13,20,10,22,38
496,2.0,10,20,14,11,21,23,27,26,16,16,15,48
497,1.0,11,20,13,22,23,23,27,23,19,15,22,38
498,2.0,10,20,14,11,21,25,11,17,17,15,25,46
499,2.0,11,21,13,12,23,25,26,17,23,19,29,51
500,2.0,7,20,13,10,20,18,24,16,14,18,21,44
501,1.0,6,22,9,10,10,23,21,22,19,11,23,39
502,1.0,10,20,14,11,21,18,11,17,13,15,25,46
503,1.0,8,19,19,10,20,24,20,13,16,16,22,38
504,2.0,10,24,12,13,23,27,22,18,22,17,20,49
505,2.0,13,22,14,14,24,25,28,23,14,19,33,54
506,1.0,8,20,11,10,21,21,25,17,19,16,29,26
507,1.0,8,21,12,11,21,22,24,17,16,18,26,47
508,2.0,9,20,13,11,21,12,11,17,15,15,25,46
509,1.0,8,18,11,11,20,27,24,17,22,16,23,44
510,2.0,13,22,14,19,24,25,28,23,16,19,33,54
511,1.0,11,20,12,14,24,23,27,24,16,18,31,53
512,2.0,11,20,13,13,22,23,27,23,16,17,32,52
513,2.0,8,18,14,11,20,23,23,13,21,25,23,49
514,2.0,11,20,14,12,22,24,24,10,20,24,23,38
515,2.0,10,21,13,13,21,22,24,22,19,15,25,46
516,2.0,8,21,19,12,21,21,23,13,21,25,23,49
517,2.0,8,21,11,15,20,23,26,17,15,15,27,48
518,2.0,4,19,10,10,20,20,20,13,13,10,22,38
519,2.0,9,20,13,11,24,24,25,18,15,17,26,47
520,1.0,4,19,10,10,20,20,20,13,13,10,22,38
521,1.0,11,20,12,13,24,25,27,16,18,10,31,53
522,1.0,2,20,13,10,20,25,24,16,23,18,21,44
523,2.0,10,24,13,10,25,27,26,20,16,15,26,47
524,1.0,11,21,13,12,23,20,25,13,19,25,23,38
525,1.0,13,20,19,15,22,20,26,18,15,10,25,49
526,1.0,9,18,14,11,20,23,22,13,19,25,23,46
527,2.0,10,20,11,15,20,23,27,22,19,15,27,47
528,2.0,13,21,10,11,24,21,23,13,15,10,28,54
529,2.0,12,21,15,12,27,22,24,14,16,11,27,56
530,1.0,9,20,13,11,21,22,11,17,16,15,25,46
531,1.0,11,19,10,11,24,25,20,17,18,10,22,38
532,2.0,9,20,13,11,20,23,12,18,17,15,26,38
533,1.0,8,20,12,10,24,24,11,13,13,11,22,47
534,2.0,6,22,9,10,10,18,21,22,14,10,23,29
535,1.0,11,21,13,12,20,16,20,16,19,15,27,29
537,2.0,12,21,15,12,24,26,28,18,17,24,28,47
538,2.0,11,21,13,13,21,22,15,21,25,25,27,54
539,1.0,8,22,9,10,18,21,22,19,26,15,27,44
540,2.0,7,20,13,10,20,25,24,16,23,16,21,44
541,1.0,8,18,11,9,20,12,24,17,15,16,23,44
542,1.0,6,21,6,19,19,23,23,20,14,17,20,37
543,1.0,5,21,5,9,18,21,21,19,12,13,23,41
544,2.0,4,20,11,11,22,22,22,16,12,12,22,39
545,2.0,5,20,12,10,20,21,23,18,16,14,19,30
546,2.0,6,20,11,10,21,21,20,20,13,13,22,32
547,1.0,6,21,11,11,22,22,21,19,13,12,21,32
548,2.0,7,21,11,11,20,22,23,18,12,11,22,30
549,2.0,6,20,13,11,21,22,24,15,14,12,24,44
550,1.0,4,20,11,10,20,20,21,18,10,12,19,37
551,2.0,12,21,14,14,26,29,31,17,31,17,33,55
552,2.0,5,19,11,11,22,22,22,15,15,12,24,44
553,2.0,13,23,14,12,24,20,31,21,17,18,34,57
554,2.0,14,21,14,13,23,24,26,21,12,18,33,57
555,1.0,11,21,13,11,21,24,25,19,10,14,50,52
556,2.0,12,21,12,11,24,20,28,20,10,16,13,53
557,2.0,9,20,12,11,21,24,25,17,16,16,27,48
558,2.0,5,21,10,10,21,22,24,12,11,12,23,32
559,2.0,12,24,14,11,23,25,28,22,18,15,34,58
560,1.0,7,20,12,11,22,24,26,16,13,14,26,46
561,1.0,6,20,12,11,22,24,24,16,15,14,27,45
562,2.0,13,23,15,12,24,27,30,27,21,20,37,59
563,2.0,11,20,12,11,23,24,26,17,15,14,29,49
564,2.0,11,20,12,11,22,25,27,19,15,17,33,51
565,1.0,4,20,11,11,22,22,22,16,12,12,22,39
566,2.0,11,21,13,14,23,22,11,12,21,17,22,39
567,2.0,13,23,12,11,22,21,26,20,16,17,13,53
568,2.0,15,5,13,23,22,11,16,16,14,18,50,52
569,2.0,13,23,15,12,24,27,30,12,15,4,29,49
570,2.0,11,20,12,11,22,25,29,19,18,12,24,44
571,2.0,9,20,10,12,21,20,13,20,14,14,24,45
572,2.0,8,16,11,13,20,21,14,19,12,14,24,44
573,2.0,9,20,12,13,19,13,14,21,12,15,26,46
574,2.0,9,20,11,13,22,12,14,22,13,14,26,48
575,2.0,8,19,10,12,20,12,12,20,13,13,24,45
576,1.0,4,19,10,12,21,11,11,17,11,11,21,38
577,1.0,4,20,9,11,19,10,10,18,13,10,18,38
578,1.0,4,20,9,13,19,10,11,19,11,11,21,37
579,2.0,3,19,9,10,18,10,11,16,10,11,20,36
580,2.0,3,20,10,10,18,9,11,16,11,10,18,38
581,2.0,3,19,10,11,19,9,11,17,11,11,20,38
582,2.0,3,19,10,12,20,10,11,17,11,11,21,39
583,1.0,3,20,8,11,20,9,10,15,10,10,17,36
584,2.0,4,20,9,10,19,10,10,17,12,12,22,38
585,2.0,4,20,9,12,19,9,11,17,12,11,21,37
586,2.0,13,21,11,14,23,13,15,24,15,19,29,54
587,2.0,14,21,14,15,25,12,16,27,14,16,30,53
588,2.0,16,22,13,15,24,12,14,27,16,19,34,54
589,2.0,15,20,13,15,24,13,13,24,15,16,24,54
590,1.0,17,21,13,16,27,14,17,26,15,19,34,55
591,2.0,10,22,11,14,21,10,11,22,13,14,27,44
592,2.0,15,21,13,14,24,13,14,25,14,16,32,53
593,2.0,17,21,13,14,24,13,14,25,14,17,33,53
594,2.0,16,21,13,15,26,13,16,25,16,16,30,52
595,2.0,18,20,13,18,25,15,17,29,21,21,38,58
596,2.0,19,19,13,21,29,16,18,29,19,19,35,58
597,1.0,6,20,11,12,20,9,13,21,13,11,23,44
598,1.0,6,18,11,13,19,9,12,20,12,12,23,44
599,1.0,7,20,11,14,22,10,13,21,13,12,25,44
600,1.0,5,19,10,10,21,20,9,13,13,11,21,39
601,1.0,7,21,14,12,22,23,13,18,16,15,24,48
602,1.0,6,20,11,10,22,22,12,17,14,15,23,43
603,2.0,6,19,10,11,21,11,10,15,11,15,21,40
604,1.0,6,20,11,12,21,11,12,16,13,14,22,43
605,2.0,8,20,13,11,23,13,13,17,15,15,23,44
606,2.0,6,20,11,10,20,11,10,16,13,14,21,41
607,2.0,6,21,11,10,22,12,11,16,14,15,24,44
608,2.0,7,21,14,12,23,13,12,17,15,16,27,48
609,2.0,6,20,13,12,21,13,12,17,14,13,21,48
610,2.0,7,20,12,13,22,13,12,18,15,15,24,48
611,2.0,6,20,11,12,20,11,11,15,12,15,21,40
612,1.0,7,21,10,13,21,12,12,16,13,16,24,45
613,2.0,6,21,11,11,19,12,11,13,13,12,20,38
614,2.0,7,20,11,12,23,13,13,16,14,14,22,43
615,2.0,7,21,12,12,20,12,12,17,13,15,21,45
616,1.0,7,20,10,13,23,12,13,17,13,16,23,45
617,1.0,6,20,11,11,20,13,11,15,13,13,20,39
618,2.0,5,20,12,12,20,12,11,15,13,13,19,39
619,2.0,5,19,11,12,23,13,12,15,13,14,22,40
620,1.0,5,20,10,11,21,11,11,15,12,12,20,39
621,1.0,6,21,12,11,20,12,11,15,12,14,22,41
622,1.0,7,21,14,13,23,13,12,18,14,15,25,47
623,1.0,11,20,11,12,23,13,12,19,17,17,26,50
624,1.0,5,20,12,10,21,11,11,14,13,11,19,38
625,1.0,4,20,12,13,23,13,12,14,13,12,19,38
626,1.0,5,20,11,10,10,11,10,13,10,13,22,41
627,2.0,6,20,11,11,20,11,11,14,14,13,23,40
628,2.0,7,21,11,12,22,13,11,16,14,14,25,44
629,2.0,8,23,13,10,23,11,13,17,14,16,27,49
630,2.0,10,22,12,13,24,12,15,17,14,16,26,51
631,2.0,10,22,11,12,22,11,14,16,15,14,23,48
632,2.0,10,22,12,13,23,11,14,16,18,14,24,47
633,2.0,11,22,14,13,24,12,14,19,18,14,25,52
634,2.0,11,20,11,13,24,12,12,17,15,14,27,49
635,2.0,13,22,12,12,24,12,14,19,15,16,30,55
636,2.0,11,21,13,13,24,10,14,18,16,11,27,52
637,2.0,12,22,13,14,26,12,17,20,18,14,29,53
638,2.0,11,22,12,12,21,10,12,18,17,13,26,49
639,1.0,13,20,15,13,23,13,16,17,16,14,28,49
640,1.0,12,21,13,13,23,12,14,17,14,15,27,52
641,1.0,10,21,14,12,23,12,12,18,15,15,25,49
642,1.0,13,21,14,14,23,14,13,20,17,17,31,54
643,1.0,12,21,15,12,23,12,13,20,19,14,30,52
644,1.0,11,20,12,12,23,10,11,19,15,15,26,48
645,1.0,9,22,14,12,24,13,12,18,15,16,27,48
646,1.0,10,21,14,11,24,10,17,18,17,13,26,54
647,1.0,7,20,10,9,22,9,13,13,12,13,23,44
648,2.0,8,21,11,11,21,10,13,15,13,11,24,45
649,2.0,10,21,10,13,24,10,17,18,11,14,29,50
650,1.0,13,21,15,11,22,10,16,19,13,15,30,55
651,1.0,12,21,13,12,24,11,15,17,14,15,30,57
652,2.0,10,21,13,11,21,11,14,15,12,11,28,52
653,2.0,7,21,11,9,20,9,10,13,10,9,24,44
654,1.0,5,20,10,9,20,8,10,13,11,9,20,39
655,1.0,5,20,10,9,20,8,10,13,11,10,20,39
656,2.0,4,19,11,9,20,8,13,11,10,10,19,37
657,2.0,8,21,13,13,23,13,13,10,12,13,25,45
658,2.0,8,20,14,12,22,11,10,10,12,14,23,43
659,2.0,10,21,13,13,23,12,11,20,13,15,24,44
660,2.0,8,20,12,11,22,11,10,18,12,14,23,43
661,2.0,8,21,13,11,22,11,11,16,12,14,23,43
662,2.0,7,20,11,11,20,10,10,14,10,11,21,40
663,2.0,7,20,13,11,23,11,11,16,12,14,23,45
664,2.0,9,20,14,13,24,12,12,17,14,13,23,45
665,2.0,11,21,11,13,21,10,10,17,12,15,25,49
666,2.0,10,20,13,12,21,12,12,16,13,13,24,46
667,2.0,11,22,11,14,23,12,12,18,17,12,26,49
668,2.0,13,21,12,13,24,12,11,18,16,16,27,50
669,1.0,12,20,11,12,23,11,12,18,15,14,25,50
670,1.0,12,19,13,12,23,12,12,18,15,16,26,51
671,1.0,12,21,14,13,22,12,12,17,16,14,27,50
672,1.0,12,19,10,14,23,12,12,18,17,13,25,51
673,1.0,11,20,11,12,23,11,11,17,15,13,29,47
674,1.0,14,20,11,13,24,10,11,18,16,12,20,49
675,1.0,8,19,11,11,22,9,11,15,13,16,17,44
676,1.0,5,20,10,11,22,8,8,13,18,13,19,36
677,2.0,7,21,10,8,20,11,10,14,10,10,23,40
678,2.0,7,21,14,12,21,13,12,15,11,11,27,43
679,2.0,7,21,14,12,23,13,12,17,15,14,26,48
680,1.0,11,20,12,13,23,13,11,19,17,16,25,50
681,1.0,7,21,11,12,23,11,12,18,14,17,21,47
682,2.0,6,20,11,12,20,12,11,15,12,15,20,40
683,1.0,7,19,10,13,21,12,12,16,13,14,25,38
684,1.0,8,22,10,11,20,20,12,17,14,12,21,47
685,1.0,5,19,10,10,21,12,9,13,13,11,21,39
686,1.0,8,20,12,11,23,13,13,17,15,13,21,41
687,2.0,6,20,13,11,21,22,24,15,14,12,24,44
688,2.0,4,20,11,11,22,22,22,16,12,12,22,39
689,1.0,12,20,13,12,23,26,27,19,16,20,25,49
690,1.0,15,20,17,15,23,17,24,24,20,19,23,57
691,1.0,13,20,12,15,22,24,25,17,17,20,32,50
692,1.0,12,21,14,12,26,11,14,20,17,14,29,50
693,1.0,11,20,13,11,22,12,14,18,19,13,25,49
694,1.0,13,19,16,14,22,13,28,18,21,12,34,52
695,2.0,7,20,12,11,23,23,23,20,17,15,24,43
696,2.0,5,20,11,10,21,21,23,19,13,13,21,39
697,2.0,7,20,11,9,19,21,21,19,13,13,21,39
698,1.0,5,21,12,9,10,21,21,19,13,13,23,41
699,2.0,7,21,11,11,20,22,21,19,12,12,21,31
700,2.0,6,20,11,10,21,21,20,20,15,13,22,32
701,2.0,7,20,11,10,20,21,20,18,17,15,15,31
702,2.0,5,21,12,12,21,21,26,21,13,20,20,40
703,2.0,5,20,11,11,21,21,23,20,12,20,21,34
704,2.0,6,21,13,11,20,22,24,17,12,21,22,39
705,1.0,17,21,11,14,26,25,18,21,19,19,34,59
706,2.0,5,21,15,11,22,23,23,17,15,13,22,43
707,1.0,13,21,8,12,22,14,29,27,22,16,25,23
708,2.0,2,18,15,8,20,19,20,14,13,11,18,32
709,1.0,10,20,12,12,22,14,29,27,22,16,25,23
710,2.0,10,21,12,12,22,24,26,21,15,14,25,45
711,2.0,13,22,6,14,25,18,30,21,20,16,33,59
712,1.0,10,21,11,12,22,2,26,21,15,14,25,45
713,1.0,4,20,17,11,22,22,22,17,12,12,22,40
714,1.0,13,20,15,14,25,18,30,21,20,16,33,59
715,2.0,4,20,15,10,20,20,21,18,10,12,19,37
